<?xml version="1.0" ?>
<levelConfig gameName="BattleCity" version="1.0" levelIndex="1" name="Level 1">
    <level width="800" height="600" cols="40" rows="30">
        <players>
            <player id="player1" x="560" y="520"/>
            <player id="player2" x="740" y="500"/>
        </players>
        <enemies>
            <enemy id="enemy0_8" type="fastEnemy" x="160" y="0"/>
            <enemy id="enemy1_5" type="powerfulEnemy" x="100" y="20"/>
            <enemy id="enemy1_14" type="fastEnemy" x="280" y="20"/>
            <enemy id="enemy1_18" type="fastEnemy" x="360" y="20"/>
            <enemy id="enemy2_9" type="powerfulEnemy" x="180" y="40"/>
            <enemy id="enemy2_12" type="fastEnemy" x="240" y="40"/>
            <enemy id="enemy2_16" type="fastEnemy" x="320" y="40"/>
            <enemy id="enemy4_1" type="powerfulEnemy" x="20" y="80"/>
            <enemy id="enemy4_5" type="powerfulEnemy" x="100" y="80"/>
            <enemy id="enemy5_30" type="heavyEnemy" x="600" y="100"/>
            <enemy id="enemy6_36" type="heavyEnemy" x="720" y="120"/>
            <enemy id="enemy7_3" type="powerfulEnemy" x="60" y="140"/>
            <enemy id="enemy12_19" type="heavyEnemy" x="380" y="240"/>
            <enemy id="enemy12_35" type="heavyEnemy" x="700" y="240"/>
            <enemy id="enemy14_14" type="heavyEnemy" x="280" y="280"/>
            <enemy id="enemy15_30" type="heavyEnemy" x="600" y="300"/>
            <enemy id="enemy19_2" type="powerfulEnemy" x="40" y="380"/>
        </enemies>
        <staticObjects>
            <staticObject type="forestBlock" x="440" y="60"/>
            <staticObject type="forestBlock" x="480" y="60"/>
            <staticObject type="brickBlock" x="560" y="60"/>
            <staticObject type="brickBlock" x="200" y="80"/>
            <staticObject type="brickBlock" x="260" y="80"/>
            <staticObject type="brickBlock" x="280" y="80"/>
            <staticObject type="brickBlock" x="400" y="80"/>
            <staticObject type="brickBlock" x="440" y="80"/>
            <staticObject type="brickBlock" x="580" y="80"/>
            <staticObject type="brickBlock" x="200" y="100"/>
            <staticObject type="brickBlock" x="340" y="100"/>
            <staticObject type="brickBlock" x="360" y="100"/>
            <staticObject type="brickBlock" x="140" y="120"/>
            <staticObject type="brickBlock" x="180" y="120"/>
            <staticObject type="brickBlock" x="200" y="120"/>
            <staticObject type="brickBlock" x="220" y="120"/>
            <staticObject type="brickBlock" x="240" y="120"/>
            <staticObject type="forestBlock" x="280" y="120"/>
            <staticObject type="forestBlock" x="220" y="140"/>
            <staticObject type="forestBlock" x="400" y="140"/>
            <staticObject type="forestBlock" x="440" y="140"/>
            <staticObject type="brickBlock" x="500" y="140"/>
            <staticObject type="brickBlock" x="600" y="140"/>
            <staticObject type="brickBlock" x="620" y="140"/>
            <staticObject type="brickBlock" x="480" y="160"/>
            <staticObject type="brickBlock" x="560" y="160"/>
            <staticObject type="forestBlock" x="140" y="180"/>
            <staticObject type="brickBlock" x="460" y="180"/>
            <staticObject type="brickBlock" x="480" y="180"/>
            <staticObject type="brickBlock" x="520" y="180"/>
            <staticObject type="brickBlock" x="560" y="180"/>
            <staticObject type="brickBlock" x="600" y="180"/>
            <staticObject type="brickBlock" x="640" y="180"/>
            <staticObject type="brickBlock" x="680" y="180"/>
            <staticObject type="brickBlock" x="700" y="180"/>
            <staticObject type="brickBlock" x="200" y="200"/>
            <staticObject type="brickBlock" x="200" y="220"/>
            <staticObject type="brickBlock" x="200" y="240"/>
            <staticObject type="brickBlock" x="80" y="260"/>
            <staticObject type="forestBlock" x="140" y="260"/>
            <staticObject type="brickBlock" x="200" y="260"/>
            <staticObject type="waterBlock" x="480" y="260"/>
            <staticObject type="brickBlock" x="80" y="280"/>
            <staticObject type="brickBlock" x="200" y="280"/>
            <staticObject type="waterBlock" x="440" y="280"/>
            <staticObject type="waterBlock" x="460" y="280"/>
            <staticObject type="waterBlock" x="480" y="280"/>
            <staticObject type="brickBlock" x="80" y="300"/>
            <staticObject type="brickBlock" x="200" y="300"/>
            <staticObject type="brickBlock" x="80" y="320"/>
            <staticObject type="brickBlock" x="120" y="320"/>
            <staticObject type="brickBlock" x="200" y="320"/>
            <staticObject type="brickBlock" x="80" y="340"/>
            <staticObject type="brickBlock" x="120" y="340"/>
            <staticObject type="brickBlock" x="200" y="340"/>
            <staticObject type="forestBlock" x="360" y="340"/>
            <staticObject type="brickBlock" x="80" y="360"/>
            <staticObject type="brickBlock" x="120" y="360"/>
            <staticObject type="brickBlock" x="200" y="360"/>
            <staticObject type="forestBlock" x="260" y="360"/>
            <staticObject type="forestBlock" x="320" y="360"/>
            <staticObject type="forestBlock" x="340" y="360"/>
            <staticObject type="brickBlock" x="80" y="380"/>
            <staticObject type="brickBlock" x="200" y="380"/>
            <staticObject type="brickBlock" x="200" y="400"/>
            <staticObject type="forestBlock" x="220" y="400"/>
            <staticObject type="waterBlock" x="480" y="400"/>
            <staticObject type="waterBlock" x="360" y="420"/>
            <staticObject type="waterBlock" x="380" y="420"/>
            <staticObject type="waterBlock" x="400" y="420"/>
            <staticObject type="waterBlock" x="420" y="420"/>
            <staticObject type="waterBlock" x="440" y="420"/>
            <staticObject type="waterBlock" x="460" y="420"/>
            <staticObject type="forestBlock" x="200" y="440"/>
            <staticObject type="steelBlock" x="420" y="440"/>
            <staticObject type="steelBlock" x="440" y="440"/>
            <staticObject type="steelBlock" x="460" y="440"/>
            <staticObject type="steelBlock" x="480" y="440"/>
            <staticObject type="steelBlock" x="520" y="440"/>
            <staticObject type="steelBlock" x="540" y="440"/>
            <staticObject type="steelBlock" x="680" y="440"/>
            <staticObject type="steelBlock" x="700" y="440"/>
            <staticObject type="steelBlock" x="720" y="440"/>
            <staticObject type="steelBlock" x="740" y="440"/>
            <staticObject type="steelBlock" x="760" y="440"/>
            <staticObject type="steelBlock" x="780" y="440"/>
            <staticObject type="steelBlock" x="300" y="480"/>
            <staticObject type="steelBlock" x="100" y="500"/>
            <staticObject type="steelBlock" x="320" y="500"/>
            <staticObject type="steelBlock" x="100" y="520"/>
            <staticObject type="steelBlock" x="320" y="520"/>
            <staticObject type="steelBlock" x="100" y="540"/>
            <staticObject type="steelBlock" x="320" y="540"/>
            <staticObject type="steelBlock" x="320" y="560"/>
            <staticObject type="steelBlock" x="100" y="580"/>
            <staticObject type="steelBlock" x="320" y="580"/>
        </staticObjects>
    </level>
</levelConfig>
